{
    "Dataset": {
        "Name": "Flowers Recognition",
        "Classes": [
            "daisy",
            "dandelion",
            "rose",
            "sunflower",
            "tulip"
        ],
        "Num_Classes": 5
    },
    "Baseline_Model": {
        "Performance": {
            "Accuracy": 0.5725308641975309,
            "Precision": 0.6135453805677383,
            "Recall": 0.5725308641975309,
            "F1_Score": 0.5495509903552873
        },
        "Per_Class_Performance": {
            "daisy": {
                "Precision": 0.4810810810810811,
                "Recall": 0.7739130434782608,
                "F1_Score": 0.5933333333333334,
                "Support": 115
            },
            "dandelion": {
                "Precision": 0.6707317073170732,
                "Recall": 0.6962025316455697,
                "F1_Score": 0.6832298136645963,
                "Support": 158
            },
            "rose": {
                "Precision": 0.42857142857142855,
                "Recall": 0.5128205128205128,
                "F1_Score": 0.46692607003891046,
                "Support": 117
            },
            "sunflower": {
                "Precision": 0.6916666666666667,
                "Recall": 0.7545454545454545,
                "F1_Score": 0.7217391304347825,
                "Support": 110
            },
            "tulip": {
                "Precision": 0.7435897435897436,
                "Recall": 0.19594594594594594,
                "F1_Score": 0.31016042780748665,
                "Support": 148
            }
        },
        "Verification": {
            "Match_Ratio": 0.07952560956738952,
            "Detected": false
        }
    },
    "Watermarked_Model": {
        "Performance": {
            "Accuracy": 0.5601851851851852,
            "Precision": 0.5573614233376403,
            "Recall": 0.5601851851851852,
            "F1_Score": 0.539108175165375
        },
        "Per_Class_Performance": {
            "daisy": {
                "Precision": 0.56,
                "Recall": 0.3652173913043478,
                "F1_Score": 0.4421052631578948,
                "Support": 115
            },
            "dandelion": {
                "Precision": 0.5888324873096447,
                "Recall": 0.7341772151898734,
                "F1_Score": 0.6535211267605635,
                "Support": 158
            },
            "rose": {
                "Precision": 0.46774193548387094,
                "Recall": 0.24786324786324787,
                "F1_Score": 0.3240223463687151,
                "Support": 117
            },
            "sunflower": {
                "Precision": 0.5163043478260869,
                "Recall": 0.8636363636363636,
                "F1_Score": 0.6462585034013605,
                "Support": 110
            },
            "tulip": {
                "Precision": 0.6230769230769231,
                "Recall": 0.5472972972972973,
                "F1_Score": 0.5827338129496402,
                "Support": 148
            }
        },
        "Verification": {
            "Match_Ratio": 1.0,
            "Total_Frozen_Weights": 90474,
            "Detected": true
        },
        "Watermark_Configuration": {
            "total_layers": 45,
            "total_frozen_weights": 90474,
            "layer_details": {
                "initial_conv.0.weight": {
                    "num_frozen": 18,
                    "frozen_values_mean": -0.037384210548664365,
                    "frozen_values_std": 0.08104859084643697
                },
                "initial_conv.1.weight": {
                    "num_frozen": 1,
                    "frozen_values_mean": 0.011622413402727192,
                    "frozen_values_std": 0.0
                },
                "layer1.0.conv1.weight": {
                    "num_frozen": 147,
                    "frozen_values_mean": -0.003694980276936078,
                    "frozen_values_std": 0.10279601957069032
                },
                "layer1.0.bn1.weight": {
                    "num_frozen": 1,
                    "frozen_values_mean": 0.00604563653088396,
                    "frozen_values_std": 0.0
                },
                "layer1.0.conv2.weight": {
                    "num_frozen": 294,
                    "frozen_values_mean": -0.007017525010517741,
                    "frozen_values_std": 0.10113463606791552
                },
                "layer1.0.bn2.weight": {
                    "num_frozen": 1,
                    "frozen_values_mean": -0.054390079505056615,
                    "frozen_values_std": 0.0
                },
                "layer1.0.shortcut.0.weight": {
                    "num_frozen": 16,
                    "frozen_values_mean": -0.009395691741023386,
                    "frozen_values_std": 0.11291368996437046
                },
                "layer1.0.shortcut.1.weight": {
                    "num_frozen": 1,
                    "frozen_values_mean": 0.019608356418030656,
                    "frozen_values_std": 0.0
                },
                "layer1.1.conv1.weight": {
                    "num_frozen": 294,
                    "frozen_values_mean": 0.0011693784378505002,
                    "frozen_values_std": 0.10472792710586468
                },
                "layer1.1.bn1.weight": {
                    "num_frozen": 1,
                    "frozen_values_mean": -0.12339935704834033,
                    "frozen_values_std": 0.0
                },
                "layer1.1.conv2.weight": {
                    "num_frozen": 294,
                    "frozen_values_mean": 0.0013154510572609118,
                    "frozen_values_std": 0.10014800439589004
                },
                "layer1.1.bn2.weight": {
                    "num_frozen": 1,
                    "frozen_values_mean": -0.09857450224013346,
                    "frozen_values_std": 0.0
                },
                "layer2.0.conv1.weight": {
                    "num_frozen": 589,
                    "frozen_values_mean": 0.0006601272927540116,
                    "frozen_values_std": 0.09762590408933502
                },
                "layer2.0.bn1.weight": {
                    "num_frozen": 1,
                    "frozen_values_mean": -0.04458003917309852,
                    "frozen_values_std": 0.0
                },
                "layer2.0.conv2.weight": {
                    "num_frozen": 1179,
                    "frozen_values_mean": -0.0018932671374656132,
                    "frozen_values_std": 0.10029083314134862
                },
                "layer2.0.bn2.weight": {
                    "num_frozen": 1,
                    "frozen_values_mean": -0.19152099942934012,
                    "frozen_values_std": 0.0
                },
                "layer2.0.shortcut.0.weight": {
                    "num_frozen": 65,
                    "frozen_values_mean": 0.0063677203236446,
                    "frozen_values_std": 0.0981180426494043
                },
                "layer2.0.shortcut.1.weight": {
                    "num_frozen": 1,
                    "frozen_values_mean": -0.06941184831662324,
                    "frozen_values_std": 0.0
                },
                "layer2.1.conv1.weight": {
                    "num_frozen": 1179,
                    "frozen_values_mean": 0.0028409764472514657,
                    "frozen_values_std": 0.09877937904337801
                },
                "layer2.1.bn1.weight": {
                    "num_frozen": 1,
                    "frozen_values_mean": -0.1238380123089557,
                    "frozen_values_std": 0.0
                },
                "layer2.1.conv2.weight": {
                    "num_frozen": 1179,
                    "frozen_values_mean": 0.000123690995908806,
                    "frozen_values_std": 0.10171976489320057
                },
                "layer2.1.bn2.weight": {
                    "num_frozen": 1,